5.hdr,19.hdr,34.hdr,39.hdr,42.hdr,43.hdr,78.hdr,80.hdr,102.hdr,105.hdr,125.hdr,152.hdr,164.hdr,183.hdr,198.hdr,201.hdr,202.hdr,203.hdr,209.hdr,222.hdr,226.hdr,227.hdr,230.hdr,232.hdr,243.hdr,259.hdr,272.hdr,278.hdr,281.hdr,282.hdr
0,0.15900000000001313,0.5519999999999925,0.07600000000000406,0.42600000000001614,0,0.24200000000003286,0.2540000000000333,0.21000000000000796,0.22799999999999443,0.3099999999999987,0.5690000000000062,0.4089999999999847,0.6380000000000052,0,0,0,0,0.17499999999999716,0,0.04700000000000415,0.32099999999999085,0.3310000000000315,0.10600000000003718,0.15400000000002478,0.09900000000001796,0,0.11699999999999022,0.2050000000000196,0
0,0.2299999999999649,0.36099999999998644,0.11400000000000077,0.5940000000000119,0,0.13700000000000223,0.1019999999999861,0.24900000000000055,0.20099999999999696,0.22600000000000975,0.7150000000000105,0.34499999999999176,0.6310000000000038,0,0.2759999999999856,0,0,0.26200000000000223,0,0.120000000000001,0.2639999999999887,0,0.2289999999999992,0.19899999999999984,0.0870000000000033,0,0.11699999999997956,0.5870000000000033,0.35800000000000765
0,0.05799999999999672,0.28300000000000214,0,0.6470000000000091,0.060999999999999055,0.17600000000000904,0,0.4109999999999987,0.30200000000000493,0.5630000000000042,0.6539999999999975,0.2990000000000048,0.5429999999999957,0,0,0,0,0.3890000000000118,0,0.4530000000000012,0.2360000000000022,0.16899999999998538,0.5740000000000034,0.19699999999999385,0,0.1750000000000007,0.2690000000000019,0.44699999999998585,0.5870000000000033
0,0.03900000000000148,0.30000000000001137,0,0.359,0.05899999999999572,0.21600000000000197,0.14200000000000523,0.3370000000000015,0.18200000000000216,0.39299999999999,0.656000000000013,0.4010000000000016,0.4200000000000035,0,0,0,0,0.025000000000005684,0,0.15800000000000658,0.3610000000000042,0,0.1770000000000025,0.10299999999999532,0,0,0.2589999999999897,0.25200000000000267,0
0,0,0.3710000000000022,0.18000000000001037,0.3450000000000131,0,0.10099999999998843,0,0.601000000000024,0.16799999999997084,0.14000000000000767,0.6119999999999699,0,0.6650000000000063,0,0,0,0,0.0689999999999884,0,0,0.35200000000000387,0,0.16900000000001825,0,0,0,0.18799999999998462,0.11400000000001143,0
