5.hdr,19.hdr,34.hdr,39.hdr,42.hdr,43.hdr,78.hdr,80.hdr,102.hdr,105.hdr,125.hdr,152.hdr,164.hdr,183.hdr,198.hdr,201.hdr,202.hdr,203.hdr,209.hdr,222.hdr,226.hdr,227.hdr,230.hdr,232.hdr,243.hdr,259.hdr,272.hdr,278.hdr,281.hdr,282.hdr
0.19799999999999862,0.07500000000000284,0.03900000000000148,0.06899999999999906,0.6520000000000001,0.011999999999999567,0.04699999999999971,0.048999999999995936,0,0.25000000000000533,0.025999999999999912,0.6030000000000015,0.35499999999999954,0.031000000000003247,0.020000000000001128,0.10099999999999554,0.023999999999999855,0.037000000000002586,0.06200000000000294,0.03200000000000003,0.03500000000000192,0.016999999999998572,0.02399999999999991,0.05900000000000283,0.01999999999999824,0.09099999999999991,0.365999999999989,0.049000000000006594,0.5889999999999969,0.0680000000000005
0.012000000000000899,0.015000000000001457,0,0,0.578000000000003,0,0.007000000000001894,0,0,0.49099999999999966,0,0.5570000000000013,0,0.3679999999999932,0,0.0810000000000004,0,0.39800000000000946,0,0,0.029000000000004134,0,0,0,0,0.13699999999999868,0.018000000000003125,0.10300000000000065,0.5660000000000016,0
0,0,0,0,0.6529999999999951,0,0,0,0,0.1739999999999995,0.388000000000023,0.5620000000000083,0.4109999999999978,0.3900000000000041,0,0,0.11499999999997357,0.3669999999999902,0,0,0.11999999999999034,0.2920000000000158,0,0,0,0.573000000000004,0.25799999999997425,0,0.41099999999998715,0
0,0,0,0,0.7800000000000011,0,0,0,0,0.5619999999999834,0.3690000000000211,0.551000000000009,0.22999999999998977,0.5630000000000308,0,0,0,0.5900000000000034,0,0,0.0930000000000959,0,0,0.28300000000000836,0,0,0,0,0.6479999999999748,0.12699999999998823
0,0,0,0,0.6029999999999944,0,0,0,0,0.43200000000000927,0.6010000000000133,0.5889999999999844,0,0.5449999999999946,0,0,0,0.49900000000000233,0,0,0,0,0,0.266000000000048,0,0,0,0,0.3650000000000091,0
