digital,y
0,0.0929286666666667
255,7.74601566666666
