digital,y
0,0.0866506666666667
255,84.7121056666667
