digital,y
0,0.091796
255,24.6980013333333
