5.hdr,19.hdr,34.hdr,39.hdr,42.hdr,43.hdr,78.hdr,80.hdr,102.hdr,105.hdr,125.hdr,152.hdr,164.hdr,183.hdr,198.hdr,201.hdr,202.hdr,203.hdr,209.hdr,222.hdr,226.hdr,227.hdr,230.hdr,232.hdr,243.hdr,259.hdr,272.hdr,278.hdr,281.hdr,282.hdr
0.46856256038460165,0.6756228773744408,0.21281213335339366,0,0.9244239736754534,0,0.00932493239733212,0.11463759947615415,0.1411867345238047,0.98331344288602,0.03921837469675893,0.8142025058768743,0,0,0.04768391471159483,0.19606609979704825,0.8265268683361262,0.06094637882110954,0,0,0.41541645103157676,0,0.17363621529502216,0.060365557731576924,0.15073126994300345,0.7064484657932648,0.7726964890443155,0.6491692120047357,1,0
0.6430449642917573,0,0,0,1,0,0.4965708548417993,0,0.06473907880771002,1,0.8748377598032508,0,0,0.7586866937660943,0,0.1401609852522343,0,0.8040079983270108,0.38878900032342045,0,0,0,0,0.8469301347325509,0.0019539138408291024,0.5260772555888256,0.8262503744096907,0.7134699430289979,1,0.23588491393780586
0,0.48736534690509004,0,0,0.8711209988522324,0.10094363120876082,0,0.24038855334628728,0.3182224117523873,1,0.9820829862733262,0.8003818445097668,0.509063315817702,0.6784135237857285,0,0.5658429012699813,0.2455655651489863,0,0.12681012183796625,0.20851326207579568,0.8642398398264692,0.2952719079931043,0.13286981929469022,0.18097128168371768,0.281407295745737,0,0.4032729289289314,0,0.6480192414153692,0.2871890934212846
0.07239854802283219,0.09418834600667836,0.4466339330499558,0,1,0.24586677267989288,0.20275937201515504,0.6021191122240985,0.2936638522862616,1,0.8941387550335023,0.5958679880858817,0.797303965538326,0.712926086952514,0.3022699148060397,0.6302025902053288,0.33358618478614943,0.7273933218383313,0.2810005918028189,0,0.6815497236865369,0.2409315683579294,0,0.06792072264186544,0.37182360200021236,0.13186573129133095,0.910674563334684,0.10203666810567569,1,0.5077296197595054
0.8703338685799302,0.6700087938961055,0.25507197273284277,0.04485861250484646,0.9743487249285288,0.8271511953529149,0,0.4209329794151344,0.11156868569520029,0.9978138483553209,1,0.5691307593721078,0.18945616804413845,0.7854216149807023,0.06189848049936231,0.6556773771879136,0.27589139813282415,0.31568085766472365,0.16818376320093975,0.019703656807241288,0.629257634921558,0.05149874621496764,0.17478940819997035,0.20700786145781436,0.25546210889107,0.651873607576448,0.8404979061665685,0,1,0
